x1,x2,x3,x4,OT,ind
259,0,0.661545359,2.690260777,0.002496601,1
1372,0,0.912008841,7.70216649,0.003958551,1
793,0,0.259189418,1.959542604,0.004877979,1
255,0,-1.454231708,2.74637084,0.005419777,1
1233,0,-0.161107297,0.845502839,0.006335687,1
1339,0,1.788163984,7.010052765,0.008563638,1
1171,0,0.323414969,1.621227258,0.010736446,1
823,0,0.089661709,1.728962921,0.01256553,1
1476,0,-0.712270359,1.47171159,0.012692579,1
1314,0,1.031059137,1.441803418,0.012896557,1
1266,0,1.315173625,5.065268299,0.015715727,1
1159,0,-0.214699918,7.32158704,0.015758091,1
980,0,1.373372914,6.066904434,0.016900935,1
1453,0,0.10285478,2.212828528,0.017289117,1
1413,1,-0.150424801,9.628872495,0.017304842,1
1472,0,-0.085745415,5.825838991,0.01790925,1
952,0,-0.509673482,1.912475347,0.017965275,1
1301,0,0.092475833,3.452409221,0.02043586,1
1328,0,-0.493482555,1.633152078,0.021841195,1
1410,0,0.64033667,0.069919842,0.02332357,1
705,0,2.424096168,2.583583599,0.023458926,1
1309,0,-1.39028277,2.588880707,0.023629148,1
1085,1,0.041889768,1.511420943,0.023920601,1
1134,0,-1.151180977,9.163787554,0.025364621,1
1018,0,2.473388437,3.436146788,0.026264415,1
1403,0,0.277266885,1.504331705,0.026659125,1
1247,0,-2.033165316,5.884476765,0.031524046,1
935,0,-0.917565034,3.445137895,0.032353253,1
1144,0,-1.552512794,12.51701967,0.032435073,1
1232,0,1.136990645,4.349978249,0.032696994,1
118,1,0.035086294,2.789927388,0.032704696,1
811,1,2.02376153,6.525773799,0.035968593,1
378,0,-0.118085436,1.35200143,0.039274788,1
1298,0,-2.544776116,9.335152917,0.039520683,1
1360,0,0.641959321,3.74083812,0.040427587,1
689,0,-0.43759269,4.557927147,0.040869523,1
1386,0,-1.61829665,0.583060822,0.041181196,1
1481,0,-1.663422642,7.899292281,0.041698214,1
1416,0,0.12040386,1.280362133,0.042763248,1
31,0,0.910125576,11.83221233,0.043791765,1
1324,0,0.008268222,2.887507117,0.04414284,1
1258,0,-1.784259985,7.106490026,0.044302545,1
1133,0,1.446370291,1.756155458,0.044674395,1
431,0,-1.417752642,5.543923548,0.045170528,1
760,0,-0.169625663,13.20829595,0.047386431,1
605,0,2.589566879,6.122580471,0.048969803,1
1163,0,-1.738299652,2.709327078,0.051234794,1
1259,0,-0.283422257,1.899915946,0.054993075,1
60,0,1.281711154,2.934789967,0.058230734,1
843,0,-0.33713568,4.022017869,0.05997252,1
1273,0,-0.35701251,13.58256166,0.060512916,1
1377,0,-0.07658835,1.845237866,0.060758327,1
1492,0,0.904028706,7.146079704,0.062932909,1
1050,0,-0.640210001,3.378360162,0.064962621,1
1205,0,1.40984937,6.536911055,0.067435937,1
145,0,1.741668345,3.773189431,0.069487419,1
1300,0,0.286031313,8.792758055,0.071182927,1
1029,0,-1.363412823,7.327493982,0.074114064,1
1131,0,1.430035436,3.9409194,0.075776981,1
1042,0,-1.735813489,2.193237275,0.079448324,1
1200,0,-0.102906364,5.189026324,0.081097624,1
651,0,0.466830014,4.280656965,0.083026518,1
1291,0,-0.555933758,1.910882209,0.08316385,1
285,0,-1.864545398,1.502072894,0.083529561,1
893,0,-0.577861857,6.461818015,0.084351738,1
1248,0,-2.008964306,9.03626368,0.085731025,1
977,0,2.406990029,9.06144847,0.086500058,1
1471,0,0.237070529,2.379423023,0.093239543,1
1245,0,0.281860263,7.132252248,0.094109221,1
66,0,-0.771862354,1.774239055,0.094516127,1
1070,1,-0.835381397,16.31807948,0.098157497,1
918,1,1.00360049,1.938800782,0.098268,1
1231,0,-0.04691556,4.13102998,0.099440368,1
1483,1,-0.249062963,1.770022667,0.101701014,1
23,0,2.175748308,1.752009245,0.102997063,1
100,0,0.825611517,4.389497681,0.10596985,1
111,0,0.345492402,2.365299387,0.108723351,1
1061,0,-1.094484372,14.36568129,0.108817135,1
134,0,-0.565747792,4.207585543,0.1089206,1
294,0,0.557141922,4.959882455,0.109982799,1
267,0,-1.629436446,2.330096024,0.110139186,1
261,0,-0.045157987,2.113893681,0.110749468,1
1408,0,-0.885537845,2.624378256,0.115838587,1
961,0,-1.459212559,7.364766076,0.116684448,1
1268,0,0.282823645,2.849989002,0.118254644,1
113,0,0.37805075,4.709757951,0.121148195,1
1097,1,-0.670380906,1.807864915,0.121352559,1
1127,0,-1.436263582,2.08943445,0.124166801,1
49,0,-0.084561574,2.551469897,0.124995204,1
34,0,1.715352392,7.647689297,0.125900371,1
807,0,0.914404197,7.967209027,0.128184986,1
1325,0,0.531726891,6.951419561,0.12859677,1
1396,0,0.09602853,2.135609644,0.132970943,1
1146,0,0.354068286,2.580887172,0.133091275,1
674,1,0.333416133,2.092338883,0.138184656,0
1158,0,-1.531517882,1.292485599,0.138286415,1
36,0,-1.206965819,5.169555007,0.140622474,1
1285,0,-0.533732254,7.035529636,0.149359266,1
1305,0,-0.470246712,4.86596769,0.152156742,1
1407,1,-1.275908249,6.024155227,0.152599604,1
1430,0,-2.764118766,4.353833807,0.152696109,1
191,0,-0.531045068,8.159983474,0.156210318,1
154,0,0.421221468,10.69660742,0.158033511,1
1322,0,2.253946656,3.583434691,0.158914212,1
1227,0,1.508060331,0.810999621,0.16012931,1
1216,0,-0.48227537,8.982488543,0.161080864,1
42,0,0.779085503,1.787487797,0.162157597,1
1458,0,-0.676424592,2.821401599,0.164809213,1
1389,0,0.106340459,8.208637877,0.165022357,1
156,0,1.722221335,7.502170924,0.166481611,1
1181,0,0.210861551,2.273599389,0.166703954,1
374,0,0.564080481,6.768526003,0.168770378,1
981,1,2.281847063,12.46122294,0.169095828,1
995,0,-0.802175199,6.080544309,0.170171116,1
1215,0,-1.101289734,7.102325206,0.177067773,1
1257,0,1.018638688,2.666342104,0.18243468,1
124,1,2.296012839,5.594996684,0.182498002,1
831,0,0.537642653,2.662977366,0.183444501,1
91,0,0.462698866,1.37625364,0.184386852,1
1347,1,1.557339289,1.861987072,0.184731819,1
85,0,0.225539265,4.781737647,0.186506158,1
78,0,0.529828072,0.74612422,0.19742181,1
1003,0,-0.796995613,0.489040985,0.197587928,1
1051,0,0.496384564,7.685997915,0.199567051,1
216,0,0.521501771,2.160151287,0.203877193,1
165,0,0.288220637,0.922413671,0.206652666,1
1187,0,-0.237462762,5.502770793,0.209127645,1
1235,0,0.675226635,3.894605213,0.209818122,1
870,0,0.445140429,0.446521811,0.213135214,1
10,1,-0.444939216,1.153479553,0.21341163,1
1065,0,-1.029665525,5.720126181,0.213806138,1
521,0,0.510673334,0.187692717,0.215912995,0
1156,0,-0.078042373,7.243287305,0.21915892,1
799,0,1.564800638,8.195927795,0.225011595,1
1477,1,-1.695312217,2.849325782,0.225735912,1
1431,0,1.726254487,4.823714506,0.228283447,1
957,0,-0.539211497,5.143598921,0.231573496,1
260,0,1.053396506,9.584362016,0.235793118,1
1188,0,0.878098231,0.461861821,0.236479402,1
1224,0,0.226169198,3.217304086,0.237821837,1
1449,0,0.88730992,5.902293686,0.238456275,1
319,1,0.14729509,3.279177421,0.23867998,1
167,0,0.493137622,3.443567991,0.240973929,1
1241,0,-0.597395553,4.178521412,0.241207962,1
1114,0,-0.903580778,5.888418833,0.242055942,1
1082,0,1.028076108,5.611285912,0.244939531,1
1448,0,0.150615464,2.865234105,0.245593554,1
1108,0,-0.282512929,1.143019311,0.246972738,1
1323,0,0.607254295,1.848490603,0.248265742,1
1474,0,0.658582957,2.992712285,0.252541854,1
1012,0,0.558162938,2.179076949,0.255014748,1
1135,0,1.332369702,3.148756797,0.256935559,1
1036,1,0.377753036,5.385303858,0.261757193,1
120,0,1.53450389,3.727308675,0.261807821,1
1404,1,-0.309893178,9.421109322,0.263942194,1
182,1,1.426319999,3.711941367,0.26399793,1
200,1,1.621396956,0.763258608,0.268585543,1
1240,0,1.022742271,3.202739168,0.269196133,1
1193,0,-0.22773272,2.833790575,0.273567265,1
40,0,-0.400549487,2.146334126,0.274833924,1
1349,0,-0.23225139,2.627556475,0.274914925,1
1464,0,-0.310211417,1.957549221,0.278364816,1
1352,0,-1.112827173,1.784488001,0.278580742,1
1160,0,-0.801404009,1.536216474,0.278852492,1
1223,0,0.111880548,5.341737567,0.288850136,1
1445,0,0.441362998,1.083426612,0.289756794,1
1294,0,0.544928694,1.274165668,0.291132248,1
551,1,-0.007507647,1.34856877,0.291562453,1
1281,0,-0.206712395,9.408779844,0.296241709,1
1112,0,-0.095856487,4.586351261,0.299322649,1
919,0,0.192552421,2.400613197,0.299836045,1
1441,0,-1.24260406,4.571367754,0.300155496,1
3,1,0.752236945,4.837862471,0.305699883,1
841,0,0.271245934,4.182894841,0.305869403,1
721,0,0.637150804,2.296717539,0.306118942,1
849,0,-1.090569994,0.418083315,0.310334277,1
1105,0,0.106636436,13.72166302,0.310568404,1
82,0,0.413839152,2.670914037,0.311226205,1
960,0,-0.11300859,0.717404166,0.311230059,1
1446,0,-0.067090932,2.662395164,0.315822685,1
1063,0,-0.682018465,10.8251666,0.318211401,1
683,0,1.242609994,8.152986018,0.319297577,1
1447,1,1.593844745,8.804577744,0.32184565,1
992,0,0.198037013,3.918382493,0.322486095,1
1433,0,-1.969037088,4.263494225,0.322531963,1
98,1,0.786448172,6.211420131,0.323071703,1
97,0,-0.165370292,4.368040585,0.324137758,1
1033,0,1.739567068,1.332667341,0.324770932,1
188,0,1.067526374,1.699165995,0.325054576,1
1337,0,0.743526085,8.621015884,0.325424632,1
1246,0,-0.161120659,2.280137998,0.327280458,1
1315,0,2.051190133,2.721632391,0.328409149,1
916,0,0.757729441,1.049834434,0.329138829,1
1222,0,-0.171703133,1.623738866,0.332373106,1
123,0,1.02865335,6.246591745,0.334056471,1
1055,0,-0.930103815,0.752492131,0.338645483,1
857,0,1.595266542,1.982177355,0.339531544,1
1450,1,0.358903933,3.427327979,0.339864684,1
55,0,1.533181986,7.254200696,0.342773906,1
1054,0,-1.069665582,2.912708957,0.353022095,1
1478,0,-1.15643153,4.797603322,0.353177127,1
1119,0,1.091386813,1.456277134,0.354415014,1
1364,1,1.303295415,8.68168873,0.354501178,1
1485,0,0.900991105,4.200927483,0.355149996,1
1076,0,1.753238886,3.225186882,0.357450118,1
1149,0,-1.427099107,2.905564172,0.366605086,1
357,0,0.72218309,1.118260564,0.368830918,1
1365,0,-0.77106418,8.011980122,0.36899988,1
971,0,-0.685441563,5.13706515,0.370169982,1
1283,0,0.647989999,6.459865882,0.37477967,1
340,1,-1.037435669,4.367053067,0.380290975,1
817,1,0.596167175,7.302259945,0.393640084,1
943,0,0.03764495,1.23735591,0.395308103,1
229,0,-1.531357882,0.689925683,0.395585951,1
1489,0,-0.801736631,1.346694549,0.40142845,1
1177,0,-0.516494118,4.393430536,0.401708725,1
189,0,-0.201136151,4.410561726,0.401779475,1
1310,1,-0.042330464,2.255074679,0.409761986,1
84,0,2.093816906,2.872917029,0.412677648,1
1311,0,0.38225125,17.84229098,0.415241651,1
1275,0,1.034192944,1.670390642,0.421955618,1
1164,1,2.097326753,2.108629434,0.42412986,1
81,0,-0.473587734,4.324846234,0.426041074,1
1041,0,-0.083459689,3.351577847,0.427228419,1
300,0,-0.405230246,0.755516553,0.43143061,1
1044,0,-0.491722123,5.215027791,0.435235916,1
889,1,-0.344207839,2.200618892,0.438646616,1
1009,0,0.263645165,2.396800414,0.439479898,1
1197,1,0.20938704,4.788356111,0.439970313,1
1052,0,0.072214712,7.445283642,0.443092456,1
1117,0,0.636303541,1.623132376,0.443755516,1
1053,0,0.370037755,4.018682405,0.4437813,1
277,0,-1.670614966,3.966134603,0.446003907,1
1136,0,0.888528928,0.629417942,0.449230889,1
838,0,-0.087872551,0.755449694,0.450464728,1
1195,1,0.759120185,7.106838306,0.45419082,1
987,0,-0.583397184,2.032611427,0.461019708,1
717,0,-0.241548043,1.330162639,0.466118381,1
141,0,0.331742373,1.184101354,0.468829849,1
1432,0,-0.184071322,2.150100988,0.469909772,1
158,0,-1.71697155,7.446459735,0.471885879,1
1202,0,0.191569686,9.72835885,0.477029311,1
1125,0,0.627164367,2.229226611,0.477119348,1
364,0,1.335069126,3.45035438,0.47803917,1
1209,0,-0.194992755,0.365176993,0.480395173,1
241,0,-0.837259473,5.470166574,0.48372475,1
1168,0,-0.305225176,5.960564398,0.497108901,1
1358,0,-0.787531849,10.16620435,0.497152328,1
936,0,0.329848258,6.455110211,0.50265778,1
946,0,-0.615870311,4.094174265,0.50365613,1
422,0,2.221971733,1.090275434,0.505196941,1
1220,0,-2.228184992,8.711340518,0.506247959,1
1254,0,0.465295293,7.605237205,0.515104231,1
99,0,-0.241454831,1.766986818,0.516867222,1
949,0,-0.2187432,4.73039801,0.518396257,1
74,0,-1.978191684,7.735903155,0.519314442,1
7,0,1.098195326,3.311558298,0.525480405,1
834,0,-0.1906535,8.708895497,0.530049351,1
759,0,0.842251892,4.157050458,0.533221611,1
1139,0,0.212645288,6.292376231,0.533579667,1
734,0,1.303108673,3.093391181,0.536623963,1
1479,0,0.408145917,2.658090448,0.540640841,1
1196,0,0.068793905,1.761414571,0.545981487,1
1256,1,1.581318152,1.293538282,0.547443675,1
1286,0,-0.477817333,1.949792963,0.547579353,1
1425,0,-0.873318004,9.077942283,0.550033484,1
1351,0,1.217119071,4.374013563,0.550139256,1
929,0,-0.052060981,1.042672519,0.553168434,1
947,0,1.465308019,3.172054712,0.554765795,1
1006,0,0.894055727,2.991937453,0.560249611,1
1219,0,-0.487559504,2.582733885,0.563866026,1
93,0,0.155631808,1.733489779,0.56754796,1
213,0,-0.802532638,3.173578476,0.569498934,1
660,0,0.011021853,3.932363232,0.569897285,1
1331,0,-0.165823557,1.856568614,0.575826375,1
1340,0,1.004253462,5.174378108,0.581726528,1
1308,0,-1.450117359,1.346918128,0.582840154,1
994,0,0.060029615,3.563554018,0.583579764,0
458,0,-0.867063867,1.352114017,0.583968856,1
1173,1,-0.200791469,6.477347539,0.586383119,1
998,0,-0.336173092,5.147702392,0.587323107,1
1269,0,-0.318576332,3.091524684,0.587743939,1
1456,0,0.544673033,1.359016392,0.593467392,1
1086,0,-0.145402871,1.37635045,0.594883027,1
1367,0,-0.052850469,2.986206154,0.596261213,1
1230,0,-0.75546573,7.389458334,0.597442901,1
163,0,-0.007556382,3.920956697,0.6007049,1
819,1,-0.307611893,1.402564888,0.606941245,1
59,0,-0.248961465,4.254386328,0.607298107,1
1469,0,-0.159464725,7.791290145,0.60919022,1
199,0,0.84861697,2.228990772,0.611726334,1
1049,0,-0.153532286,1.578129646,0.616031989,1
1174,0,-0.104499257,4.068354593,0.616938937,1
830,0,-0.656369395,2.884305323,0.633080298,1
322,1,0.509094474,4.734643496,0.636136691,1
473,0,-0.288654612,1.49332419,0.637120188,1
958,0,2.18315778,2.503186439,0.654783538,1
876,0,0.261523692,6.52031589,0.655218339,1
953,0,-0.615491828,0.357297273,0.662128273,1
1313,0,-0.09689088,3.413997797,0.667819939,1
1092,0,-0.315445665,2.36573934,0.668466269,1
1494,0,0.401612406,0.348610214,0.669515763,1
30,0,0.137448996,4.633394854,0.672257734,1
1101,0,1.478053923,3.364381719,0.673114902,1
1415,0,-0.13287686,1.722033546,0.677024258,1
1016,0,1.328724318,2.73619907,0.678493499,1
1299,1,-1.607192351,7.954599001,0.679815855,1
412,0,1.43429091,6.067956505,0.682228371,1
209,0,0.453397522,2.166562436,0.683020996,1
983,0,0.150419361,2.889481168,0.683189731,1
922,0,-0.175323678,0.339090598,0.683426516,1
846,0,1.293557045,2.054759783,0.687291022,1
1236,0,-0.518677359,2.714942911,0.692024084,1
904,1,1.322539674,7.353051776,0.69670509,1
439,0,-0.972378357,2.545541598,0.698607023,1
168,0,0.949130288,1.494050786,0.70438073,1
909,0,0.064575539,4.924335632,0.705017708,1
1376,1,-0.608147233,3.310939942,0.705246327,1
127,0,-0.739750283,3.750173786,0.70858444,1
632,0,-0.756251891,6.649526244,0.714452877,1
195,0,1.386192035,0.957595481,0.719053661,1
283,0,0.97894922,1.710129854,0.719223089,1
1106,0,0.293938746,7.234338734,0.719867944,1
1443,0,-1.237239691,2.631134701,0.72561089,1
35,0,-0.962645793,8.531805706,0.728775311,1
232,0,0.057729597,0.932202709,0.734261068,1
839,0,-2.387665726,4.424350023,0.736749959,1
1145,0,0.710236331,5.208940793,0.738685248,1
1421,1,0.504393653,3.824933784,0.740390979,1
1249,0,0.945621971,2.362560329,0.745833065,1
1397,0,-0.883564581,2.341335834,0.749936691,1
1113,0,-1.446686482,1.079322469,0.750011834,1
94,1,-0.925063231,2.991808795,0.75581592,1
17,0,1.835593346,9.350932014,0.757462371,1
1444,0,-0.763398725,1.882571078,0.763093912,1
1402,0,0.561447704,11.22308941,0.766860305,1
472,0,0.704989284,0.864687619,0.76787069,1
1387,1,1.191365399,9.660289109,0.772331176,1
1439,0,-0.348723052,5.241618511,0.772866648,1
1427,0,1.373477868,2.019732765,0.780055208,1
773,0,1.113502119,0.831465442,0.784734741,1
1400,1,0.646114508,5.277860065,0.785941812,1
941,0,0.333816004,2.242356752,0.788291698,1
735,0,0.78445861,3.407002482,0.789878513,1
1378,0,-1.031253915,4.232033156,0.790224312,1
1190,0,1.203678503,3.332378954,0.792159173,1
1110,1,0.097949834,4.718615149,0.794601264,1
135,1,-0.452144886,2.298279454,0.795323518,1
1071,0,-0.244243063,10.79515855,0.796056038,1
344,1,-0.758521458,0.905286714,0.802801052,1
57,0,-1.615928457,7.755898772,0.803015501,1
1026,0,0.210197948,1.844103614,0.803713853,1
1095,1,1.002549643,1.868021464,0.813742531,1
314,0,0.847604613,1.698181017,0.81398638,1
1368,1,1.058988302,6.315710911,0.822235922,1
828,0,0.733038096,3.27151057,0.823508292,1
1284,0,-0.450750447,11.078533,0.844086145,1
1274,0,-0.185711756,5.568451434,0.853491561,1
1198,0,-0.806169509,8.847006083,0.870369206,1
1302,0,0.68645808,3.545790513,0.871603511,1
937,0,1.788937949,2.054093212,0.873418942,1
736,1,-0.186244944,1.58461536,0.874613435,1
713,0,-0.319119588,3.801345789,0.876906936,1
68,1,-0.661120625,7.23392575,0.880527566,1
672,0,-1.669073241,0.905956292,0.881696935,1
722,0,-0.562988528,1.43257777,0.885406733,1
1332,1,0.980987586,0.463763831,0.888818316,1
1255,0,-0.235528819,1.210166014,0.889959032,1
1078,0,0.346275807,3.401620361,0.891598011,1
1004,0,0.167491243,3.303275378,0.892841699,1
201,0,-0.502771004,4.544830733,0.894609638,1
53,0,1.011898235,5.054183726,0.902726606,1
1217,0,0.048287329,1.562290249,0.910185011,1
863,0,0.411951749,0.620729585,0.914345478,1
173,0,-0.558419613,3.748495202,0.916467035,1
157,0,-1.132814111,2.383580085,0.922899285,1
159,0,0.379382854,4.279669957,0.925691656,1
930,0,0.103268986,11.97780149,0.926412408,1
152,0,-1.247655926,3.797597115,0.938518484,1
869,0,-1.537022003,4.650233816,0.940899812,1
1374,0,-1.21555869,2.681888918,0.946085997,1
803,0,1.249617778,3.785425711,0.947786929,1
72,0,0.270520862,8.871877805,0.947924142,1
1392,1,-1.822622718,1.11506085,0.948501554,1
383,0,0.880749846,7.45051838,0.953943899,1
172,0,-0.396747562,4.26026387,0.956438471,1
292,0,1.963453828,4.605052456,0.957723382,1
1401,0,0.224107016,2.031377561,0.968155467,1
1098,0,0.722488173,7.460203551,0.971710579,1
979,0,-0.482908043,9.351361914,0.971965651,1
1414,0,-0.20239295,1.966262083,0.975364983,1
635,0,0.800955159,4.658904515,0.981154689,1
56,0,0.14593198,4.648233836,0.981234674,1
802,0,0.468056106,5.250195529,0.98246757,1
1317,1,0.51171998,0.491555276,0.98261531,1
1225,0,1.479627291,6.261103964,0.982800039,1
927,0,-1.278513336,3.011904034,0.985178259,1
1040,0,-0.182318201,1.364231707,0.992172014,1
105,0,1.090127759,8.613405864,0.995207733,0
1391,0,0.688811568,10.95592448,0.995864288,1
265,0,0.469654412,5.637532513,0.996281814,1
1438,0,0.513718675,1.127865034,0.998863911,1
463,1,0.95842749,4.463222739,1.004067902,1
1253,0,0.29824225,3.672133219,1.004270748,1
1454,1,0.321588948,1.549466856,1.005043287,1
1008,0,-1.00167524,0.818888585,1.005866785,1
280,1,0.655906565,3.53247667,1.014168182,1
1208,1,-0.289261845,2.343538664,1.023538967,1
966,0,1.075511574,2.271206783,1.025833433,1
942,0,1.62112306,4.191972115,1.030817353,1
1293,1,-0.57383086,5.036734465,1.039423154,1
373,0,-0.176418504,2.847698176,1.047290561,1
1290,0,2.474621202,2.54090253,1.051579822,1
1270,0,1.081657281,1.117448807,1.057679731,1
1207,0,0.022805296,2.267045159,1.061321344,1
1242,0,1.384378192,4.418267923,1.063132072,1
212,0,0.258581724,1.495128917,1.071573946,1
1201,0,0.723502418,4.509316842,1.074314879,0
612,0,1.446479189,2.630917642,1.077077854,1
1375,0,0.637114035,2.507856165,1.079179606,1
38,0,1.660057475,7.046866028,1.07984102,1
716,1,1.735979713,1.953441958,1.080959929,0
125,1,1.031622062,7.123401534,1.083556282,1
1118,0,0.002232866,1.075415632,1.090279666,1
62,0,1.051756949,6.008621422,1.091509046,1
1072,0,-1.425850039,3.935518597,1.098468243,1
1467,1,-0.713996072,5.153948686,1.102121685,1
106,0,-1.317192648,5.872159864,1.107327727,1
1320,0,-0.010732031,9.463680318,1.107976529,1
1417,0,-2.437821473,4.605914362,1.117067384,1
940,0,0.366710522,5.757716055,1.11977389,1
1032,0,0.634281541,3.488042651,1.125826174,1
742,1,-0.571382712,2.489706156,1.128294645,1
175,0,-0.138591055,8.88858573,1.140257046,1
1244,1,-0.496780451,3.965629439,1.140751194,1
1031,1,-1.022933273,0.665693496,1.150872008,0
312,0,1.677435154,4.632018731,1.15560336,1
1369,0,1.894374123,3.811056009,1.156629101,1
87,0,0.415256513,1.02183873,1.160808783,1
1115,0,-0.42121922,4.310972808,1.161028622,1
284,0,-0.894382833,4.695976073,1.161804219,1
185,0,-0.681321137,2.070236228,1.163503361,1
1428,0,0.779098956,3.349615366,1.174972051,1
45,1,2.430163725,1.705438495,1.174974123,1
625,0,-1.378695161,4.132003194,1.175244157,1
903,0,-0.057963149,1.958191153,1.17687716,1
993,0,-0.494502203,1.430046546,1.177370128,0
83,0,-0.117198926,0.473104283,1.182159563,1
1199,0,0.35228375,6.909586393,1.183980573,1
1017,1,1.863015908,4.781608304,1.187766332,1
878,0,0.434912618,3.077408975,1.194311017,1
1176,1,-1.237648373,1.988218625,1.195906832,1
1434,1,-1.153148785,3.902515639,1.19709791,1
984,0,1.282473716,9.873283491,1.199451654,1
337,0,0.748213342,1.572810823,1.202889993,1
1455,0,-0.168150437,0.126419901,1.204913262,1
1418,0,0.937278356,2.758155499,1.211625134,1
110,0,0.217511057,5.672781407,1.213571621,1
469,0,1.49173187,0.862717984,1.220127367,1
133,0,0.413887095,8.016424505,1.225165708,1
1373,0,1.240066575,4.558159334,1.229568183,1
19,0,0.397092609,0.730495844,1.231863423,1
1129,0,-0.286448589,6.998749929,1.236156921,1
196,0,-1.866723084,1.781417515,1.236619218,1
153,1,-1.771220608,0.818698988,1.236743546,1
171,0,-0.389064554,7.547245978,1.248862799,1
1435,1,0.914869955,1.941302045,1.263579733,1
46,0,-0.618089184,3.996414512,1.270944651,1
991,0,-0.340035375,5.499213941,1.27131169,1
986,0,-1.304824158,2.642812081,1.272133003,1
964,1,-1.282811657,7.038142354,1.275093148,1
4,0,1.033612806,3.089342568,1.280676579,1
126,0,-0.161864145,5.198166555,1.285520986,1
682,0,-0.669003979,3.013783396,1.285537786,1
1124,0,-2.475620548,3.674708126,1.293759904,1
61,1,-1.017367942,2.186842312,1.294793316,1
752,0,1.617524299,3.82250866,1.302669051,1
177,0,-1.784045263,6.699033562,1.30345958,1
1345,1,1.42489264,3.311366538,1.314538598,1
1497,1,0.818041827,2.450836953,1.334574542,1
1077,1,-0.562883312,0.619887729,1.343299709,1
1046,0,-1.13174093,2.948220109,1.346033239,1
13,0,-0.564962677,0.482343103,1.34848944,1
1282,1,0.392771954,6.028937715,1.351023486,0
882,0,0.865778805,1.636098232,1.361943238,1
999,0,-0.009118045,1.822343242,1.363922412,1
926,1,-0.148126655,8.1125419,1.370052213,1
1141,0,-0.376527881,3.513967793,1.381269197,1
1329,1,1.217457778,2.920640832,1.386259463,1
1312,0,0.980573495,5.029863741,1.400568062,1
1262,1,0.288884101,4.135555668,1.402692809,1
965,1,0.889606104,5.137692881,1.409353354,1
907,0,1.496410354,7.886950299,1.414821028,1
1412,1,-0.103846591,3.482303034,1.420559665,1
1420,1,-1.148699795,1.3929039,1.424236381,1
888,0,0.70710961,3.199108553,1.429834325,1
939,0,-1.203107214,1.88330434,1.438809483,1
944,0,-0.097976595,1.206595691,1.443844242,1
281,0,1.454220476,3.093820266,1.447057007,1
1356,1,-0.602090168,2.716371114,1.450107919,1
275,0,0.041571866,2.903986184,1.452694285,1
186,0,0.729363252,2.939431568,1.464310024,1
25,0,0.717184896,2.675881961,1.465295531,1
1379,0,1.243143043,0.546132321,1.480633299,1
29,0,-0.376636482,1.240555352,1.49005711,1
51,0,0.350963028,0.948647072,1.499457576,1
797,0,1.374703778,3.871166336,1.503417832,1
701,0,-1.314408868,5.922121066,1.516574133,1
65,0,0.098108328,6.467699592,1.522527594,1
1341,0,-0.011826176,1.235605581,1.523751245,1
415,0,0.112647759,0.960479143,1.529275113,1
667,0,1.136452737,0.147553719,1.531715528,1
117,0,-2.25467912,3.160186695,1.535683464,1
214,0,-1.070390242,10.4506452,1.537460961,1
1239,1,-0.08064896,3.405878769,1.538572752,1
698,0,0.359312802,8.854346541,1.541543659,1
304,1,-0.854883604,2.754473787,1.546294172,1
780,0,0.601055275,5.163966631,1.552607869,1
32,0,0.994738087,9.449609436,1.557894838,1
1395,1,-1.122825362,2.354869896,1.563092037,1
114,0,1.095254256,5.257275843,1.570253412,1
1304,0,1.003346075,6.413270436,1.576481076,1
1354,1,-0.593434273,1.321424945,1.578452407,1
812,0,-0.876527486,6.266075605,1.582933087,1
1251,0,-0.253452284,0.5596172,1.588173368,1
1500,1,-2.074610378,4.461330055,1.595869674,1
28,0,0.156205335,7.963187718,1.613497853,1
1020,0,-1.208957335,1.914430789,1.614451397,1
743,0,0.877590647,6.490419831,1.616138136,1
351,0,2.177237609,4.035200455,1.624382318,1
923,0,-0.737106678,2.807821954,1.626426044,1
457,0,0.260006205,2.364761441,1.628273576,1
1024,0,1.336821792,1.329649429,1.631947135,1
301,0,0.495372728,2.996121893,1.636580808,1
1321,1,0.09948672,9.847379322,1.645168875,1
352,0,-0.542239909,2.537579755,1.648936555,1
1182,0,0.592932193,6.858315344,1.650785605,1
321,0,1.96713601,7.832960672,1.656028104,1
176,1,1.36983474,1.125778113,1.656301447,1
1383,0,-1.559814534,4.547399369,1.660488728,1
1203,1,-0.198330437,4.378882283,1.66213288,1
1143,0,0.100110876,0.171846545,1.663967559,1
276,0,-0.752362858,2.310957664,1.669318978,1
1221,0,0.329257605,3.019570217,1.680660125,1
757,0,-0.442995644,1.054943044,1.691002224,1
211,0,1.72330538,1.075013162,1.693356747,1
1109,1,-2.156587932,1.030904351,1.69397923,1
1069,0,0.925963972,2.488391012,1.709346933,1
990,1,0.664589017,3.366431556,1.712791045,1
1147,0,-0.381331577,0.386872887,1.721210897,1
355,0,-0.068843014,2.243489831,1.732597514,1
1048,0,-2.081817118,4.238137318,1.733543419,1
867,0,0.650037886,1.959639158,1.738600565,1
1330,0,-0.374760393,2.536753322,1.738778241,1
1023,0,-1.744563669,10.04304083,1.757683095,1
1047,0,-0.200059099,1.826292266,1.764716869,1
1437,1,-1.537997821,6.386924547,1.772305807,1
835,0,-0.548610267,5.023853709,1.77372943,1
905,0,0.075392349,2.906390331,1.785476941,1
1319,1,1.088704897,6.422663634,1.789417348,1
951,0,-1.411186278,5.600677653,1.789498509,1
1493,0,-0.589840249,4.859475231,1.791549992,1
970,0,0.335950297,0.530420992,1.792133833,1
1068,0,1.571033898,1.699359482,1.802209396,1
1011,1,-1.794245375,4.923908395,1.802284601,1
1422,0,-0.755988615,2.148964158,1.805988374,1
236,0,0.84763071,2.007945881,1.814016077,1
765,0,0.417534595,0.501004013,1.819433644,1
973,1,1.705011367,3.524470896,1.821034785,1
1229,1,-0.019394802,3.257384598,1.829561532,1
1380,1,-0.52912153,5.368431339,1.83173252,1
1088,1,1.023229612,11.95112821,1.836201306,1
251,1,1.171106504,1.402679533,1.841976224,1
693,0,-0.570321215,3.456816884,1.852561003,1
148,0,0.774386697,1.826134111,1.888569467,1
239,0,1.114047898,6.141281572,1.88922297,1
39,0,-0.558775841,2.205996555,1.893510654,1
1059,0,-0.423255672,1.096409672,1.895816794,1
950,1,-0.488938142,4.548603627,1.905621679,1
1094,0,-0.324294707,2.914512901,1.910600847,1
945,0,-0.166226598,3.2632477,1.917815995,1
883,1,2.437277294,1.784572717,1.92758415,1
891,0,-1.360917081,1.44101583,1.928877549,1
358,0,-0.493397477,3.170134417,1.942776956,1
1121,1,0.954171252,2.478086015,1.946266659,1
590,0,0.192726486,1.054162798,1.949777233,1
789,0,-0.624129205,4.522245025,1.950449964,1
719,0,0.68031938,3.129839213,1.952145906,1
1184,0,-1.279975687,4.31470735,1.973865358,1
362,0,-1.581411644,0.351063308,1.992267794,1
822,0,0.764922819,4.182808869,1.99380156,1
902,0,0.165176272,4.063889464,1.999306457,1
88,1,-0.432395684,6.111920026,2.001805894,1
15,0,0.238990925,5.619035517,2.004044667,1
219,0,0.514242174,2.33578204,2.00413865,1
436,1,-1.620558634,1.338586352,2.009276982,0
266,1,-0.601344694,7.244129525,2.017758583,1
70,1,-1.2345081,2.212006254,2.021836921,1
800,0,-0.171232954,5.576752149,2.026634431,1
1038,0,-0.943618114,3.106434757,2.032392548,1
962,0,-1.38248303,1.744801864,2.03371057,1
908,0,-0.51403594,3.13272983,2.040222119,1
1153,0,-0.551245439,1.231293204,2.044066139,1
1486,1,0.631297977,1.87180829,2.046610364,1
745,1,1.0962244,14.30742644,2.061315002,1
1081,0,-0.062330062,4.020344262,2.065382531,1
131,1,-1.792388677,2.436423643,2.066051099,1
258,0,-0.308735866,0.436654407,2.066126997,1
11,1,-1.237910093,2.90342442,2.070756895,1
109,0,0.240267052,0.541460939,2.077297163,1
248,1,-0.388023857,5.198060494,2.078810511,1
829,0,-0.787333559,1.301146445,2.085087055,1
308,1,1.027836077,5.875438941,2.089500101,1
844,1,-0.882383542,10.1938363,2.091822508,0
1167,0,-2.368799476,1.977457463,2.093706679,1
925,0,-1.214284716,8.147301887,2.151932635,1
1148,0,-2.867536825,7.378157439,2.167487466,1
975,0,0.190518508,2.129692613,2.178880295,1
320,1,-0.098215622,5.5948564,2.180769755,0
1179,1,1.629465558,3.72620773,2.186345067,1
166,0,2.314748448,4.145610557,2.199156477,1
1306,1,-0.151737517,0.326235069,2.213540821,1
75,1,-1.462037787,3.849438803,2.23002118,1
763,0,-0.289491751,8.649438851,2.236027003,1
782,0,2.226917831,4.799904229,2.238757595,1
1066,0,1.702976945,1.287191705,2.255439764,1
787,0,1.534510777,4.468380964,2.264238454,1
1334,1,0.094220832,8.577268331,2.267339228,1
755,0,0.414201401,3.788960917,2.269423204,1
424,0,0.231838697,1.738166011,2.298865148,1
1409,1,0.792611674,2.060012509,2.303299394,1
806,1,0.322729986,3.676652431,2.307144373,1
769,0,-0.258765674,3.340570334,2.312065309,1
497,0,1.097824032,0.872930618,2.313244177,1
12,0,-0.605578303,2.651820451,2.315479172,1
1157,1,-0.590043315,6.4324303,2.32786434,1
290,1,-0.216634454,3.833215904,2.328480864,1
1335,1,0.727133282,3.30358988,2.342129012,1
1491,1,-0.507535334,3.605794333,2.347442447,1
805,1,0.758454494,3.728856298,2.350134017,0
1104,0,0.536121225,2.660284329,2.364855613,1
1169,1,0.883906031,2.670301659,2.370247655,1
1405,1,1.376561516,4.19687148,2.38521798,1
139,0,-0.897150378,3.350499312,2.39495907,1
1272,1,0.62907384,9.320445012,2.409200306,1
1073,0,-0.49888045,4.398614991,2.414765181,1
694,0,0.807163737,7.034826611,2.424945104,0
423,0,0.821558418,2.054299981,2.428543512,1
866,1,0.435514325,6.371337812,2.428593952,1
101,1,-0.025560251,2.977612037,2.436308831,1
1357,1,-1.618972666,1.127307145,2.480112109,1
690,0,-1.940668255,8.019722313,2.485197964,1
1475,1,-1.038449138,4.237722302,2.523122935,1
296,0,0.805167195,6.820049723,2.533634508,1
249,0,-1.539297423,3.374033704,2.547505766,1
989,0,-0.224241347,1.016045217,2.550946572,1
718,0,-1.939669999,1.302729268,2.555470004,0
1336,1,0.399233851,6.911585503,2.566801107,1
268,0,-0.021179917,5.663438891,2.568898909,1
309,0,-1.11727156,3.699302295,2.571639963,1
1170,1,-0.765614409,5.301478446,2.571745702,1
1490,1,1.678524038,6.223965585,2.573031432,1
155,1,0.868004778,1.371670967,2.602212719,1
1140,0,-0.283222171,0.351859816,2.605668959,1
278,1,-0.14535622,3.136928427,2.613398666,1
161,0,0.581311915,7.129739419,2.625936435,1
906,1,1.577178962,3.606984749,2.626308997,1
112,1,0.607778757,7.167487572,2.630537806,1
86,1,2.260847821,1.613916143,2.644495642,1
1303,1,-0.542604133,4.357458894,2.660075746,1
761,0,-0.433497192,7.190435637,2.666341423,1
1463,1,-0.537017024,7.908492428,2.670694714,1
377,0,1.642787704,6.763521024,2.672577098,1
1013,0,1.164513713,2.113913237,2.690048316,1
710,0,-1.395321394,6.750252412,2.691281755,1
498,0,0.236837386,6.29021261,2.719133925,1
271,0,0.151391501,0.441729478,2.719316531,1
410,0,-0.544117329,1.02129148,2.737738779,1
197,1,1.158640031,6.055230459,2.751376253,1
1161,0,2.212062003,2.039215737,2.784240326,1
1361,1,0.375247116,5.395396903,2.784833178,1
1034,0,0.597639183,2.24727081,2.791939258,1
1213,1,-1.412974567,4.87236977,2.794043301,1
184,1,-0.714436037,7.969593828,2.7945971,1
1362,0,0.032811129,4.812962536,2.804462902,1
978,0,-2.977918403,3.024151962,2.809257769,1
129,1,1.091527364,0.986222957,2.814550448,1
1495,1,0.739066072,10.06166734,2.818900857,1
896,0,0.012737657,1.832152765,2.820843766,1
608,1,0.024339042,1.372254623,2.8445921,0
1194,0,0.287864705,2.189120832,2.848330016,1
1398,1,-1.248711142,1.473088031,2.864154575,0
1260,0,-1.964449011,5.614565121,2.891752333,1
451,1,-1.041841895,5.716978615,2.893415373,1
1384,1,-0.79238991,2.738650433,2.906896733,1
1264,0,-0.726694981,1.576055722,2.930951794,1
730,1,-0.361027386,3.51701521,2.9320079,1
356,0,1.243044936,2.063210894,2.937463933,1
1211,1,1.166524268,6.05295,2.98636633,1
1411,1,-0.49776851,4.355984875,2.996542314,1
299,0,-0.772210268,6.015594549,3.010463781,1
550,1,-1.806704867,5.00264543,3.018055922,0
785,0,0.494150018,3.352174579,3.053691095,1
821,0,-1.619346137,2.454797961,3.060208272,1
169,0,-0.870621185,5.092781734,3.079788128,1
1295,1,-1.564567935,2.454502481,3.081862073,1
235,0,0.382542427,6.396650237,3.084717013,1
459,1,1.473080579,5.083210966,3.088705009,1
1028,1,-0.562460169,0.664424318,3.092841273,1
223,1,0.197584511,3.268312364,3.094586807,0
1381,1,-1.640515346,5.02345734,3.1051306,1
1138,1,0.815418479,2.017766698,3.12592627,1
1021,1,-0.082330237,9.991093418,3.140685571,0
454,0,-1.760416066,3.365568137,3.147522602,1
956,0,-0.395329091,2.331900002,3.151274996,1
901,0,-0.051175192,4.494308961,3.164164715,1
478,0,-1.332519135,16.13292995,3.16711911,1
1206,0,-0.092407024,1.8291409,3.167936576,1
192,0,-0.920040047,1.023256986,3.171715607,1
1366,1,-1.384121567,5.229296561,3.17628965,1
1089,0,-1.745250344,2.586408903,3.218219183,1
257,0,1.087411834,3.116006252,3.236779855,1
996,0,0.941956939,1.627167748,3.241884373,1
626,0,1.192798841,0.721773103,3.265252835,1
963,0,-0.977060364,0.898469297,3.26850814,1
1466,1,-0.874055321,4.655994936,3.268606886,1
474,0,0.14559933,3.146447678,3.274176787,1
1419,1,-2.917377346,3.093680237,3.28046411,1
1484,1,-0.692080156,7.692690385,3.310614931,1
471,0,0.172423487,1.303665435,3.32474621,1
864,1,-0.195896553,6.980908158,3.34480479,1
875,1,0.940777113,1.700588548,3.387238535,1
215,0,0.334553317,4.269540732,3.411911264,1
79,0,-0.823550477,4.581866069,3.419078536,1
1250,1,-0.776482501,12.43430478,3.421443182,1
73,1,-0.136730674,3.607553143,3.42423477,0
138,1,0.016531491,2.634623009,3.428286186,1
27,1,-0.665710173,3.832786646,3.430912085,1
1280,1,1.87903027,7.015811887,3.432711335,1
496,1,0.505605772,12.50346945,3.442378798,1
783,0,-0.336767027,3.010318138,3.442494201,1
1226,0,-1.057670134,1.750045873,3.446109723,1
252,0,-2.031825809,13.17986097,3.447394352,1
313,0,0.749633444,5.271750892,3.455880932,1
1442,1,-0.690911443,4.565811912,3.457361404,1
1406,1,-0.042963777,2.49641296,3.463894685,1
754,0,-0.484136083,2.160542544,3.46677461,1
325,0,-0.954458754,3.249636514,3.475946444,1
832,1,-1.414177556,9.410260931,3.47974425,0
348,0,-0.213393449,0.857680445,3.487032984,0
629,0,-0.707249416,0.805899546,3.512816834,1
900,1,-1.735752119,6.069888209,3.518092567,1
335,1,-0.570692204,7.408051135,3.526468391,1
985,0,-0.675141847,0.391400095,3.530179998,1
862,1,0.121099629,9.917312683,3.532178457,1
894,0,0.392878529,12.6453592,3.542042918,1
465,0,-1.698013531,1.383239587,3.550856276,1
1327,1,-0.408114168,6.879019252,3.594089072,1
48,1,-1.564721465,2.140126043,3.595380552,1
892,0,-0.889636304,2.58973052,3.610551998,1
385,0,-0.408041993,4.412513344,3.628636622,1
1487,1,-0.791388051,5.727846244,3.640638147,1
648,0,1.073243318,3.226449367,3.642712752,1
1010,0,0.120475668,3.6946252,3.670435851,1
917,1,-0.67794823,3.00267101,3.700872306,0
336,1,1.810952161,3.291330707,3.706857399,1
396,0,-0.049148618,2.177015414,3.720827806,1
67,1,0.600695356,4.91574824,3.726524588,1
427,0,0.29694134,3.700728916,3.746496504,1
274,1,-1.157545246,6.085305624,3.747539183,1
804,0,1.422899061,1.583837868,3.814319804,1
205,1,-1.153341837,2.529753818,3.828462938,0
183,0,-2.322666511,1.040658185,3.837984269,1
720,0,-0.746091499,4.736047711,3.871273639,1
647,0,-0.537931846,3.84148608,3.876195792,1
670,0,-0.452421972,4.703336323,3.876690017,1
712,1,-0.153755935,12.07176626,3.889757366,1
845,0,1.29269836,1.82667663,3.94402628,1
887,1,-0.345908287,4.107445089,3.945806874,1
1162,1,-0.579331743,4.270375187,3.952838531,1
1279,1,0.190775041,4.603910952,3.96682458,1
572,0,0.302847942,2.080909002,3.967478201,1
178,1,-0.431041028,0.662053232,4.007616238,1
1091,1,0.78436287,4.201833851,4.01152023,1
426,0,-0.664650748,6.856888391,4.037077595,1
143,0,-0.250405438,1.180635266,4.046358608,1
505,0,-0.278053564,2.026305247,4.051061994,1
1189,1,0.623703974,6.073343843,4.055054451,1
848,0,0.182558658,13.10076917,4.066991523,1
881,0,-0.089168913,11.8013335,4.07187045,1
1338,1,-0.954996753,4.970742487,4.079499468,1
316,0,0.798368603,2.372782358,4.135431781,1
666,0,0.60475395,3.090112716,4.13713806,1
729,0,0.721182452,0.427568955,4.154256357,1
972,0,0.902241046,2.518791444,4.185270145,1
481,0,0.629019672,2.476602418,4.199307393,1
1353,1,0.102132827,4.188487056,4.219262997,0
924,1,0.650801959,2.184602131,4.260338936,1
1107,1,-1.379627515,2.550245799,4.270701518,1
580,0,-0.352435834,2.481068496,4.274198115,1
1123,1,0.12293526,7.72450588,4.294665949,1
1142,1,-1.00207204,3.688722851,4.309976757,1
315,1,-1.68575239,4.800271947,4.341943659,1
226,0,0.720618393,4.599087747,4.360289123,1
884,0,-0.991055134,1.582672604,4.371698719,1
1461,1,-0.377508267,4.988283849,4.439342788,1
1423,1,-0.33886022,4.608844284,4.448875308,1
810,0,2.051572235,6.060639098,4.452595386,1
254,0,0.793610085,1.753333063,4.465807426,1
103,1,1.154903064,3.681656322,4.469546443,1
1243,1,-0.349747497,1.306355174,4.535045403,1
853,0,0.912254081,1.4440999,4.550833534,1
217,1,-0.137289181,1.926560335,4.569788417,1
1482,1,0.250722726,4.552527211,4.580307606,1
1390,1,0.720312674,0.771942755,4.585463942,1
686,0,-0.47263214,1.554598457,4.595959964,1
1498,1,0.30926919,6.284007763,4.60977202,1
1043,1,3.210406691,5.253435478,4.6752343,1
1120,1,0.120199574,1.422097278,4.719394123,1
180,1,1.069684411,5.865555968,4.731339338,1
487,0,0.118243806,8.67069012,4.765937896,1
714,0,2.231946466,0.331025691,4.769465646,1
533,0,-1.455567727,5.349984051,4.802742377,1
967,1,0.871658533,7.922224129,4.810928716,1
406,1,0.437288735,1.611138321,4.835425038,1
1014,1,0.379274354,2.721669347,4.839745718,1
711,0,-1.008394241,6.85539595,4.852380031,1
650,0,-1.70364828,7.049162696,4.855682473,1
1426,1,0.457062997,1.559790621,4.872113955,1
556,0,0.291079414,1.179511087,4.874956552,1
1318,1,1.121388746,2.318604073,4.880432164,1
181,1,0.684011429,4.194173025,4.895303585,1
242,1,0.312400435,5.023630025,4.905726667,1
330,0,1.074906099,10.776718,4.909502174,1
1154,1,-0.598790217,8.468434447,4.936978383,1
837,1,-0.027084296,4.67153444,4.944168176,1
359,0,-0.068376292,4.903192561,4.949551249,1
676,0,-0.141805948,3.962246892,4.953471194,1
628,0,-0.167963982,2.443155981,4.95399632,1
302,0,1.533959068,3.638930167,5.031369906,1
558,0,-0.903477039,2.787224552,5.03538277,1
1344,1,1.391679281,1.033049184,5.036490276,1
349,1,-0.220042134,4.222918547,5.037749466,1
583,0,-0.310923386,2.998293927,5.040331669,1
1185,1,0.116053901,5.002953832,5.060478176,1
220,1,-0.308745843,6.373026218,5.080027336,1
206,0,-1.722927877,5.499356543,5.186701331,1
1459,1,0.300461967,1.048097905,5.213059056,1
390,0,-0.242523183,2.921383006,5.213588736,1
1326,1,0.02183074,5.760564777,5.230630452,1
679,0,0.548259155,6.505401695,5.257204585,1
954,1,-1.78277171,6.211731671,5.270200886,1
928,0,0.839478022,3.492594483,5.272466861,1
1462,1,-0.937716889,3.844591508,5.292036747,1
361,0,0.210691986,11.34246598,5.32831416,1
1382,1,0.06606718,0.786138995,5.397098403,1
244,0,-0.805833452,11.99644091,5.398334566,1
1058,1,0.37433532,2.97374872,5.420356351,0
617,0,0.815476669,1.613982496,5.452245399,1
931,1,1.598801775,2.271142605,5.526721384,1
41,1,1.948619856,3.280192743,5.616130336,1
766,1,1.159113347,8.443166945,5.625143662,0
287,0,-1.396115884,4.960261292,5.650183379,1
1155,1,-1.271799911,2.479740675,5.678591392,1
955,1,1.132105774,2.78494215,5.685260869,1
1015,1,0.507903709,1.482366907,5.689774682,1
1111,1,-0.399230913,5.256627893,5.70001081,1
1429,1,0.200864217,5.981858811,5.716868709,1
1292,1,-0.797894864,2.714783024,5.720493737,1
688,0,1.024149602,3.001124767,5.749101307,1
1212,1,0.59299343,4.271334786,5.758562914,1
221,0,-0.593327164,7.577376057,5.81757551,1
771,1,-0.259639185,3.556022756,5.863286004,0
764,0,-0.697345309,5.942798024,5.869911299,1
1333,1,-0.858450522,6.11657872,5.885941406,1
749,1,-1.737771007,8.32733323,5.905630789,1
644,1,-0.373659243,5.269192973,5.907106159,1
680,0,1.254018088,1.611484757,5.92429298,1
1087,1,0.055764345,2.080703887,5.929967171,0
739,1,-0.946251882,3.285345036,5.943548306,1
610,0,-0.867905063,2.441101613,5.94758614,1
836,1,-0.004435189,5.366405868,5.983338309,1
770,0,-0.99937651,6.197400917,5.988036741,1
1342,1,1.064985685,3.812540067,6.050307417,1
441,0,-0.587033387,0.57016118,6.061138692,1
1001,1,0.153556051,3.62391755,6.149307438,1
227,0,0.751845191,1.631200127,6.152561605,1
691,0,0.282103508,1.548773837,6.188000124,1
1460,1,0.294782134,5.668045123,6.18957696,1
1083,1,-1.113383342,3.037255262,6.197860745,1
414,0,-1.500143768,12.92549558,6.212284178,1
394,0,1.313060023,3.781492696,6.212569685,1
602,1,2.489186818,3.836268053,6.245172412,1
1399,1,-0.266770325,5.95291812,6.298295719,1
897,0,0.125620455,3.649623641,6.304943993,1
997,1,-0.35779588,0.83384379,6.330459885,1
655,0,0.013601457,8.542386793,6.334666805,1
1296,1,-0.541935959,1.31439897,6.370833683,1
170,1,-0.835201934,6.839658995,6.389578118,1
448,0,1.521990344,5.652074505,6.395595944,1
1103,1,-0.176314408,16.56157218,6.399559236,1
20,1,-2.132450337,3.243731612,6.414271565,1
1122,1,-0.621900471,7.46296062,6.444198599,1
614,0,1.08336598,1.361222337,6.446113088,1
256,1,-0.215238839,2.752106051,6.452760799,1
1007,1,-1.405457765,6.020280418,6.465604343,1
247,1,-1.432225695,3.555312651,6.48344784,0
1457,1,-1.125244675,10.89834019,6.494777156,1
753,0,0.989286662,1.662799848,6.498103221,1
1037,1,-0.028302285,5.969169809,6.502756835,1
26,1,1.034666348,3.70332751,6.503207637,1
794,0,1.653051282,0.959170996,6.504521561,1
1424,1,-0.793440671,1.533036523,6.51707421,1
1480,1,-0.6358372,1.865432676,6.522169467,1
859,1,-0.142530121,3.595055469,6.546744807,1
18,1,-0.326422238,12.97855238,6.623494597,1
384,0,1.034489583,8.26945063,6.630626903,1
92,1,0.33306215,3.441140575,6.649982249,1
489,0,-0.392234612,4.520667966,6.686567646,1
1348,1,-0.117490573,4.223942707,6.757986732,1
16,1,0.397665825,2.28407281,6.804517126,1
860,0,0.415241449,5.316003662,6.812841773,1
715,1,-0.721876083,6.934884155,6.817527475,0
1436,1,-1.380806742,5.003340408,6.84894077,1
816,1,1.132482083,5.50453955,6.854612669,1
324,0,1.11350911,0.364991049,6.872485573,1
1099,1,0.372151748,1.70942018,6.917444891,1
1019,1,0.271250418,2.814043748,6.942307464,1
798,0,0.7712976,13.37211726,6.943056573,1
354,0,-0.470689536,1.983274469,6.945341639,1
1025,1,0.621311989,9.07843996,6.963631268,1
968,0,1.740916542,5.95818323,6.963745188,1
791,0,1.855486627,4.135871721,6.998752346,1
1234,1,-0.250334026,1.733386318,7.005528485,1
604,0,2.403526879,3.88040618,7.011720566,1
1186,1,-0.131019647,6.022462049,7.038256456,1
318,0,1.813765053,4.606320323,7.099479289,1
549,1,-0.12677062,5.906915072,7.118558557,0
409,0,-0.294677696,1.622408379,7.153725659,1
611,0,0.118038769,5.156375494,7.159481868,1
1440,1,-0.248985715,7.205005074,7.196561424,1
640,1,0.227787846,5.820044095,7.19702132,1
1363,1,0.053047293,3.730839943,7.236118677,1
593,1,-1.435578832,2.154070042,7.243253349,0
868,1,1.172410792,4.03325568,7.264577551,1
187,1,1.968778857,3.537701974,7.314380747,1
1276,1,0.605998764,8.851273932,7.35701294,1
401,0,-0.894488563,2.3679542,7.436006628,1
1452,1,0.238475255,8.192793371,7.449650103,1
456,0,0.565172186,3.635917504,7.498576667,1
725,0,-0.82634384,3.893909839,7.534639483,1
250,1,0.204093803,1.548769028,7.556837749,1
128,1,-0.516421873,9.156274315,7.558457006,1
1093,1,-1.578054225,5.140958867,7.589896116,1
932,1,0.480416127,2.987761463,7.671221544,1
208,1,-0.562733148,6.393334419,7.67417034,1
1237,1,-0.251148807,2.836036151,7.686292417,1
22,1,0.029389269,6.648653428,7.698452023,1
637,1,2.14327609,1.31016468,7.713196939,0
341,0,-1.38429101,1.98345478,7.775073418,1
621,0,0.683227942,0.942222868,7.81851571,1
334,0,-0.217307631,3.177404683,7.819599136,1
233,1,-1.897875599,4.108058459,7.843120443,1
1075,1,-1.535449921,5.398466701,7.856574039,1
1238,1,0.020594407,3.616155125,7.860391945,1
1080,1,0.110394672,16.02616375,7.886064369,1
1350,1,0.324159692,2.970321917,7.89793387,1
115,1,1.378270803,3.843937573,7.931747957,1
606,0,0.134617916,3.387418755,7.952415272,1
774,0,-1.089032969,2.493102081,7.955762688,1
795,0,0.36060852,1.980539812,7.998881163,1
333,0,0.06423385,0.547463954,8.002286199,1
933,1,0.552953307,3.764534087,8.00313073,1
1204,1,1.448476976,2.004500769,8.051615113,1
1488,1,0.467467217,1.281643126,8.051792967,1
879,1,0.627755844,3.010084027,8.059924301,1
291,1,0.240866698,0.330113813,8.070300975,0
1074,1,0.973618825,5.968787768,8.133900128,1
1192,1,-0.110892315,4.803784778,8.150536466,1
671,1,0.299686493,0.802128889,8.176618993,0
391,0,1.744820032,8.991099847,8.182496754,1
1261,1,-0.398348819,5.626846188,8.200594826,1
64,1,-0.786011316,0.6621674,8.348487787,1
1297,1,0.402151473,3.663187512,8.373314707,1
661,0,0.964995945,5.370970431,8.414976646,1
50,1,1.683191909,3.525192907,8.458771952,1
1346,1,-1.461140624,7.962475792,8.476837166,1
350,0,0.519762286,7.642604755,8.49849753,1
664,1,0.060439715,1.014526198,8.521335898,1
1102,1,0.535214851,2.953787862,8.523472662,1
382,1,-1.568388675,1.172641012,8.545073727,1
1499,1,0.994806511,1.523775041,8.568343957,1
1132,1,-0.643599798,1.519865911,8.577840776,0
578,0,0.855119787,3.147726161,8.580761794,1
1451,1,1.115245393,10.48260006,8.610648494,1
842,1,0.47034906,1.645551231,8.623875566,1
121,1,0.491780616,1.590702767,8.633973647,1
363,1,-1.431596999,7.047357327,8.672489874,0
847,1,0.614203629,3.074126556,8.689732226,1
563,0,0.190618723,3.413035298,8.710759664,1
1191,1,-0.378451824,7.185658522,8.787861955,1
144,1,-0.040948501,5.440443403,8.819036604,1
872,0,1.396299947,3.193107873,8.844186045,1
570,1,0.361391094,2.618959952,8.86171221,0
6,1,-1.116808552,1.976070855,8.870861892,1
346,0,0.348341585,4.961533444,8.936539791,1
988,1,-0.591186535,7.770283708,8.938102961,1
230,1,1.154260048,3.149017595,8.948052688,0
190,1,0.709285554,3.128192798,8.948974369,1
1096,1,-0.149866132,5.727248109,9.000466214,1
827,1,-0.270477751,3.222567656,9.094016697,0
779,0,-0.687741369,6.546686517,9.146502629,1
21,1,-1.284521309,5.101452817,9.240122344,1
297,0,-0.772835516,2.667337422,9.289811767,1
71,1,-1.253754688,4.316397747,9.391203224,1
507,0,0.4111382,3.052382863,9.482102105,1
501,0,-0.389537056,2.960229934,9.538092082,1
467,0,0.304865875,1.509109168,9.55620591,1
555,0,2.093973789,2.143459503,9.576411596,0
132,1,-0.419534848,7.016208252,9.588381915,1
24,1,-0.701029035,3.828426153,9.632777422,1
470,0,0.381568395,7.288606807,9.63379574,1
218,0,-1.750629456,1.73557923,9.666437663,1
202,1,-0.203416936,5.513711633,9.697269937,1
982,1,-0.340010611,7.782591919,9.755320499,1
1307,1,0.60665606,2.04532097,9.767503663,1
1126,1,0.626224589,4.182297118,9.807745871,1
174,1,1.326008661,4.300087576,9.857371367,1
1060,1,1.360264865,4.78873666,9.867440367,1
522,0,0.828125916,2.162020814,9.971461799,1
675,0,-1.625217916,2.348535078,9.990884093,0
140,1,1.328789031,3.858229962,10.09357043,1
1128,1,2.388753226,8.942985096,10.09790868,1
1005,1,-1.880803044,5.250371523,10.18833716,1
915,1,-0.60698706,1.923960234,10.20668687,1
52,1,-0.347411221,3.73502762,10.21346725,1
455,1,-0.294136003,4.673657348,10.28293581,1
54,1,-0.541694303,5.351828736,10.30094363,1
119,1,1.050298048,13.7259809,10.36313376,1
1393,1,0.769734459,4.961177874,10.43101033,1
938,1,-1.232867318,1.623850348,10.47185659,1
750,1,-0.026937996,3.49120415,10.52507721,1
1289,1,0.029012042,7.099564275,10.54351139,1
1265,1,-0.495690907,13.69320607,10.54637673,1
815,0,0.253982709,4.005057456,10.58119722,1
1371,1,0.414257728,1.946689212,10.62633512,1
14,1,-2.226484239,2.461031906,10.63968635,1
1057,1,0.045936879,1.512488509,10.67989012,1
204,1,-0.615969009,2.330156009,10.69117143,1
1470,1,0.126778584,5.76902911,10.74985529,1
393,1,0.250418476,0.709151285,10.78965113,0
404,0,-0.863126812,6.943790957,10.79636218,1
1166,1,-0.38383969,5.129893165,10.80295781,1
1287,1,0.057132069,1.165913789,10.90427219,1
615,0,-1.009626612,7.190215388,10.90790976,1
854,0,-1.534630355,1.138086107,10.92242548,1
147,1,-1.615133723,9.790263082,10.93014789,1
43,1,-0.561590343,2.941006466,10.95603399,1
890,0,0.351223615,4.5965464,11.00615761,1
311,0,-1.228515735,1.943727772,11.009849,1
253,1,0.267685559,8.441528144,11.02267639,1
826,1,-0.283498033,1.599782544,11.02894444,1
1228,1,-1.372731567,1.544170267,11.05428665,1
264,1,0.244821227,3.414910949,11.07412203,0
535,0,-0.888367514,2.695621747,11.07972563,1
238,1,-2.010476661,3.175703728,11.18821885,1
1175,1,-0.455756472,1.921166467,11.23897736,1
707,0,0.68566126,1.430224651,11.26809382,1
824,1,0.968491274,6.159931915,11.3336833,0
222,1,-0.808246239,1.319299688,11.41157323,1
1394,1,-0.759440907,0.577724482,11.42847842,0
934,1,0.685616676,2.403089385,11.4336498,1
483,1,0.609711316,7.699079743,11.51576017,1
573,0,-0.451630927,3.341560097,11.55700061,1
400,0,0.53935417,2.991952159,11.71472965,1
592,0,-0.025249614,2.318915836,11.74436103,1
748,1,-0.38976425,4.832534913,11.84773167,0
662,0,-0.279203579,4.477397871,11.87187993,1
76,1,-0.474201817,2.373189944,11.9361643,1
598,0,-0.352403843,7.804996128,11.94767519,1
160,1,-1.48430389,5.171615102,12.00294675,1
338,1,-0.595687484,4.165917741,12.06017171,1
228,1,-0.049259116,2.749372213,12.13873371,1
477,0,0.976214027,4.657106655,12.14080261,0
425,0,-0.51407741,1.211329002,12.21329936,1
80,1,-1.316025243,1.260504288,12.27169309,0
762,1,0.817689478,7.315164349,12.37967298,1
1277,1,-0.541227034,1.434113507,12.44255237,1
913,1,0.913237977,3.779159897,12.46478781,1
1130,1,-1.979139287,8.98957378,12.53642032,1
122,1,1.809440223,3.696918233,12.55209949,1
776,1,-0.633673786,1.835946606,12.55251287,1
1271,1,-1.034391394,7.06239985,12.56174503,1
895,1,-0.711302363,1.968806118,12.58282122,1
419,0,-0.115712692,6.696126286,12.59211272,1
328,1,-0.009809493,3.106917801,12.68025932,0
515,0,0.319372512,3.325051677,12.73633659,1
1465,1,-0.088971066,11.09169926,12.74731693,1
697,1,-1.838143802,5.002338555,12.77584913,1
687,0,0.257997652,3.105472436,12.85952689,1
360,0,2.906756263,4.314231297,12.92751055,1
1355,1,0.951018488,2.874964557,12.92862208,1
402,0,1.726049267,0.764991428,12.95594672,1
825,1,-0.430591284,3.057715227,13.02637096,1
484,0,0.654580288,2.774461035,13.08119158,1
528,0,1.596960324,7.799573412,13.16027715,1
850,1,1.258086323,3.532195212,13.16290552,1
582,1,-0.199609898,6.513623977,13.18467874,1
1030,1,-0.404491654,7.205598722,13.21050798,1
2,1,0.189734693,1.540009179,13.28325824,1
8,1,-0.820533781,5.919971465,13.30333806,1
1388,1,1.212980266,4.817054615,13.31991703,1
1473,1,0.767574414,4.702026214,13.32743437,1
645,0,-0.391021077,2.246318507,13.39437008,1
1137,1,-0.019117034,0.811518335,13.52331831,1
1084,1,0.010565768,2.77921219,13.5556743,1
948,1,0.073844891,1.952759734,13.58919617,1
840,1,0.11075521,3.034561928,13.66393229,1
542,0,-1.257816359,3.013331858,13.73915198,1
643,1,-0.320969012,3.807258325,13.76970788,1
1214,1,-2.928946635,1.22147361,13.78269469,1
709,0,-0.21794816,5.907624473,13.80031182,1
262,1,0.289390292,4.151061594,13.89677431,1
403,1,-0.303876603,5.908604293,13.89839044,1
1288,1,2.351977187,2.993509276,13.90913155,1
1210,1,-0.977647167,3.41269688,13.90928729,1
738,0,0.652897754,0.940094472,13.90995028,1
585,0,-0.024815393,8.841229777,13.95898858,1
453,0,-0.882877849,1.208982677,14.02870189,1
224,1,0.138579553,0.704871185,14.09855235,1
499,1,0.233022804,3.134144637,14.23812242,0
784,1,1.702784959,5.265356243,14.29646574,1
405,0,-0.841303826,1.766683686,14.41874403,1
149,1,-0.005898081,6.463200263,14.52493261,1
263,1,-1.917818414,1.527670624,14.68740847,1
1263,1,0.879208291,1.768821231,14.7109982,1
1067,1,-0.425995527,3.038238078,14.76502934,1
104,1,0.101978661,0.971817694,14.91193544,1
758,0,-0.318180296,5.817066189,14.97475661,1
231,1,-1.250389653,5.926722407,15.07506803,1
63,1,-0.061745309,0.789458894,15.12599822,1
491,1,-0.689714917,0.528291444,15.13961903,1
641,0,-1.429552234,3.145066849,15.15803747,1
347,1,-0.544508438,2.487530212,15.19673408,1
1035,1,0.833132508,2.153257324,15.2081958,1
33,1,-1.099224475,3.15379393,15.21021446,1
198,1,1.156324882,2.457976567,15.25919929,1
695,1,0.790778287,0.860702753,15.34020612,1
137,1,-1.083286613,0.081987009,15.45734507,1
534,1,-0.971683131,9.350819143,15.471722,0
95,1,-0.401690192,1.776254909,15.52531706,1
609,0,2.128957537,4.122864058,15.6335862,1
326,1,-0.989817768,3.566426137,15.67673641,1
1152,1,-0.426555704,1.325888996,15.6913285,1
1056,1,-0.529286231,2.167929948,15.69930316,1
353,1,-0.407121438,4.409464712,15.78726226,1
685,0,0.935831066,4.889427912,15.86864663,1
5,1,1.666562261,7.292976502,15.88935692,1
437,0,-1.226363164,11.15202595,15.92454668,1
744,0,-0.210614975,3.657851257,15.94051931,1
433,0,0.849966239,2.011233734,15.95239544,1
588,0,-1.187606445,5.700416471,16.02438542,1
885,1,-0.342744836,2.805150545,16.13592712,0
1385,1,1.311693224,4.525494927,16.14031084,1
684,0,0.597765554,2.327122436,16.15788478,1
203,1,1.95583654,0.615330897,16.39549276,1
613,1,-1.013528411,7.552030765,16.40430813,0
519,0,0.473568636,4.877421406,16.45606762,0
561,1,0.499075296,6.444136198,16.52898095,0
387,0,-1.05795663,2.162732397,16.52904715,1
508,0,-0.363669046,4.996366826,16.60710292,1
413,0,-3.290932481,1.628069752,16.70499341,1
130,1,1.345889167,7.949799977,16.91184619,1
240,1,-1.233017841,2.950007972,16.92173016,1
438,1,-0.117874835,3.552165625,16.94399781,0
1359,1,-1.035441209,2.454880294,16.96737132,1
107,1,0.505633872,6.553103211,16.96907923,1
746,1,0.4638462,1.241718015,16.96914982,1
833,1,-1.558043252,3.278205337,16.99829239,1
818,1,0.442933446,1.516446917,17.05377482,1
1316,1,-0.560749954,5.499629202,17.08775506,1
877,1,-1.282017349,0.834900681,17.13974789,1
921,1,-0.620466633,3.400730936,17.15660085,1
1045,1,1.105278845,2.504416538,17.23366589,0
1370,1,2.884445702,1.73354955,17.23493395,1
702,1,0.901450601,1.877117242,17.24797309,1
327,1,0.049452545,2.702450149,17.35122223,1
912,1,0.76371675,2.480836849,17.43455469,1
678,1,-2.082809693,2.245019252,17.54567181,0
512,0,-0.44886953,4.481112187,17.56873657,1
974,1,-0.111191365,3.826744809,17.57719477,1
418,0,0.213269179,3.653781415,17.79284127,1
557,0,1.345245517,6.443924374,17.80875228,0
1178,1,0.056888761,6.200209926,18.00570505,1
510,0,1.366314473,2.012045663,18.01011933,1
634,1,0.611765345,0.243676185,18.0672683,0
1151,1,0.201359654,5.338051481,18.13848376,1
102,1,-0.871266015,1.433421486,18.24200107,1
47,1,-1.116578758,3.701128818,18.39617928,1
910,1,-0.148718879,0.975460945,18.48351639,1
96,1,-0.400413085,1.306326134,18.5871801,1
620,0,-0.567686361,5.830979016,18.63288544,1
435,1,0.75296126,2.186076477,18.68083261,0
310,1,-0.22030126,1.206801443,18.70878391,0
503,0,0.660423381,1.807720654,18.78239516,1
381,0,-0.146150919,2.513970443,18.82162335,1
44,1,-1.364630917,3.41397374,18.85790175,1
790,1,-0.972752506,2.607357872,18.87660288,1
77,1,1.769551225,7.525687609,18.91881132,1
652,1,-1.832122075,3.538748151,19.04757846,0
600,0,1.190785247,4.041171296,19.09373239,1
649,1,0.736981123,1.989887684,19.10038999,0
317,1,0.016898359,4.4983743,19.11063739,1
911,1,0.254440983,2.395922221,19.15567526,1
90,1,2.007437356,1.892344704,19.17921996,1
1027,1,-0.800576039,0.644605195,19.34072609,1
1343,1,-1.102630179,2.37347264,19.35585335,1
873,1,1.225361588,0.939513146,19.40504089,1
623,1,0.166861303,1.571507123,19.54528257,1
814,1,0.214218541,1.698313425,19.58747534,1
756,1,1.430603535,7.828927827,19.72548431,1
58,1,-1.044863614,0.937187763,19.75506257,1
1496,1,1.18827688,0.81527077,19.76767163,1
658,0,-1.816036187,7.20101231,19.80049478,1
370,1,-0.179423201,2.804741526,19.89621467,0
737,1,-0.841245788,6.202077671,19.92950852,1
1039,1,1.913241927,5.342840767,20.14993209,1
808,1,-0.769349432,5.746667452,20.31586461,1
506,0,-2.037030981,1.983740206,20.35690062,1
395,1,-0.380334989,2.768203923,20.3623123,1
596,1,0.679840973,7.904893674,20.53206695,0
289,1,-1.861468488,3.379383829,20.57612182,1
194,1,-1.751882402,2.242607175,20.57871182,0
1165,1,0.084550537,7.884141503,20.59389789,1
696,0,0.337874351,6.485633948,20.61474262,1
428,0,-0.847774405,0.299772689,20.82537828,1
89,1,0.614607529,1.15463601,20.84145315,1
809,1,0.394385883,4.81610013,20.84195405,1
295,1,1.075056714,6.443496004,20.89689426,1
731,1,-0.169313346,1.79946026,20.9159916,1
1183,1,-0.081246017,2.789866261,21.14543659,1
1100,1,-0.627159882,9.617155923,21.24847436,1
1267,1,-0.092930267,2.169588574,21.31668573,1
624,0,1.158005708,2.922840425,21.3620202,1
479,1,0.350813534,4.332237661,21.50288479,0
886,1,0.157602035,10.19568759,21.52355229,1
663,1,-0.962383651,2.462228484,21.66191181,1
376,1,0.905396755,2.614255312,21.71905946,1
179,1,1.319159553,4.001197013,21.87775653,1
411,0,0.34260329,1.618357636,21.92677406,1
273,1,0.354842731,1.319908546,21.95721923,0
538,0,1.387915511,0.675472916,21.99069546,1
976,1,-0.109500334,9.210324784,22.16141997,1
398,1,1.921312196,6.735972786,22.17157677,0
577,0,1.912076155,3.465151746,22.34106167,1
552,1,-0.542042427,3.155922987,22.3848705,0
397,1,0.316439274,1.551229397,22.42646799,1
768,1,-0.148395997,2.945832827,22.59464508,0
565,0,-0.95692133,1.812703017,22.65241785,1
545,0,-0.005729626,1.238015224,22.72196073,1
475,0,-0.095602848,4.388605406,22.94863703,1
151,1,-0.90230793,3.708548584,23.0399367,1
668,1,1.338550354,3.260305683,23.05429494,0
343,1,-2.410363317,8.036819512,23.0966927,1
225,1,-0.047658745,4.519482655,23.308372,1
914,1,1.14091338,4.479527359,23.37826135,1
1064,1,0.318065669,11.08543848,23.45574038,1
136,1,-0.367098844,1.936939906,23.540838,1
1278,1,-1.532054282,0.680047497,23.6492516,1
193,1,0.180972455,3.690088039,23.67966612,1
116,1,1.206222037,3.375531276,23.88608972,1
1,1,-0.841681979,11.16752784,24.07688578,1
1252,1,2.142988496,3.772909293,24.08308502,0
820,1,0.867047634,1.047864973,24.11698434,1
564,0,0.109281747,7.062228908,24.14371727,1
367,1,-0.075007055,4.596992142,24.38856693,1
492,1,0.166713884,2.509178908,24.61214391,1
740,1,0.546512275,4.657307292,24.61721133,1
778,1,1.079008842,4.356328114,24.6690887,1
1468,1,-0.764549611,8.011553725,24.78573118,1
959,1,1.110521891,1.319640961,24.91976984,1
286,1,-1.275393621,0.106522358,25.11669777,1
421,0,-0.326188424,5.882907866,25.28001873,1
408,0,-0.215894155,4.347992356,25.34136378,1
880,1,0.268459325,1.616356028,25.48084317,1
371,1,1.671465424,4.927332828,25.49294226,1
813,1,0.865995735,5.556472097,25.50062621,0
1116,1,0.92803504,6.111816357,25.64712119,1
69,1,0.07004077,2.937550877,25.68471691,1
871,1,0.504032974,4.397982096,25.70416761,1
622,1,-1.580988423,2.030258878,25.71700057,1
597,0,0.051572679,3.163447168,25.89171119,1
599,0,-1.203016578,1.345223528,26.04008401,1
1180,1,0.648818456,3.691933752,26.3663983,1
298,1,0.049443325,1.704697757,26.51341526,1
142,1,-0.815850261,3.295774661,26.69175467,1
430,1,1.162195509,3.788320214,26.72858709,0
567,1,0.142140526,5.592423511,26.92585209,0
162,1,-1.154815558,3.673381026,26.93766604,1
462,1,-0.320371165,1.661453753,26.9837176,1
699,0,1.205503201,1.737493644,27.05627437,0
669,1,-1.880053216,6.493474185,27.25782308,1
164,1,-1.156533286,3.204481824,27.33257535,1
792,1,2.018598938,3.417689658,27.46748161,1
516,0,-0.379169767,2.583719541,27.81148078,1
486,1,-0.53986893,3.866501294,28.0681618,1
1079,1,0.587020565,4.301667843,28.11277242,1
601,1,0.245505084,0.594923711,28.28338142,1
856,1,0.753942059,7.050836172,28.38983222,1
560,0,-0.346413331,3.285560593,29.06634019,1
288,1,1.066636745,6.711097913,29.40227248,0
724,1,0.436720323,7.014676815,29.63646124,1
243,1,-0.240678969,5.620321893,29.87095409,1
480,0,0.387131174,2.089672443,30.47331093,0
272,1,-0.182096141,1.02571839,30.68760268,1
446,1,-0.545666285,0.906624215,30.80450695,0
639,0,0.135358473,1.703687098,31.00700669,1
270,1,-2.230274281,3.849685779,31.04244083,1
329,1,-1.779321883,2.329458666,31.08010259,1
899,1,0.375162146,0.343818329,31.25342931,1
460,1,-0.225254606,0.555101705,31.3553204,0
9,1,0.239979102,5.822837323,31.73313018,1
502,1,2.318107832,4.044966695,32.05869886,0
536,0,-0.42852599,1.955923528,32.06110002,1
530,0,-0.174342072,8.099021714,32.33895141,1
607,0,0.465038076,1.224487515,32.41410012,0
569,0,-0.0802742,2.958803547,32.42021843,0
566,0,0.794056221,7.796410978,32.84138031,1
861,1,-0.993051668,10.70254586,32.85575893,1
898,1,-0.349680478,3.96877117,33.38620443,1
541,0,-0.32707719,10.22250581,33.48041795,1
767,1,0.531944779,14.14861802,34.15447,0
706,1,-0.436821695,1.287349865,34.92880817,1
630,1,0.471919137,8.270140526,35.60345848,1
858,1,-0.350091349,3.723192716,35.63954232,1
520,1,-0.102990099,1.196411672,35.99938109,0
500,1,0.454965579,2.220323921,36.12225171,0
388,1,-2.092789044,1.490537175,36.54581777,1
420,1,0.455974886,2.418335244,36.62107162,0
443,1,-1.235825828,1.64782022,36.81931482,1
1150,1,0.242851464,1.833025939,36.91338767,1
293,1,-2.206501206,3.572600675,36.97447203,1
514,0,-2.000078095,2.357697922,37.27655118,0
1218,1,-0.27702317,6.306293558,37.33509292,1
476,1,-0.025552388,2.914945399,37.51541063,0
1022,1,1.01245693,3.046790535,37.52588575,1
1062,1,-0.73451605,6.470668167,37.69252961,1
1000,1,-0.911492217,9.588153678,38.0145872,1
584,1,-0.442021836,10.81192627,38.05834511,1
548,1,-1.148834061,2.552670686,38.20095516,0
331,1,-1.667311983,11.73351121,38.73447822,1
920,1,0.781323728,9.337511335,38.96423196,1
234,1,-0.894731762,2.089668301,39.12178781,1
282,1,-0.953671576,6.009068581,40.21192074,1
874,1,1.095323551,2.343613291,40.29923271,1
237,1,0.337091777,3.188579007,40.72013434,1
246,1,0.165880566,8.058084979,40.72051328,1
786,1,-0.887158745,5.194594596,40.7661758,1
703,1,1.288614119,4.271638633,40.80085755,1
1090,1,-1.037495875,1.847091653,41.53613081,1
544,1,-0.325294759,6.238348624,42.33763446,0
146,1,-0.629078585,10.15613599,42.56370049,1
532,1,-0.653088199,3.00415608,43.02050125,0
747,1,0.916460796,5.243168737,43.60020766,1
653,1,-0.686986467,6.054273213,43.61976114,0
369,1,0.763489474,2.525037738,44.1043694,1
547,0,-0.146994225,1.150840021,44.41323172,1
1172,1,0.607378405,1.489854395,44.81884528,1
1002,1,0.289345294,5.568343258,44.93282068,1
574,0,-0.106831992,4.528672264,44.96134441,1
656,0,0.765428438,0.746676471,45.10421235,1
851,1,-0.415566644,6.474491496,45.77449079,1
579,0,-0.61709463,3.041510708,45.89153763,1
509,1,-0.108292261,6.485448688,46.24896692,1
207,1,-0.022455566,4.045676455,46.3595668,1
342,1,-0.332618565,2.386563283,46.69684062,1
466,1,0.259257217,2.674666033,46.9356467,0
495,1,-0.526569496,5.580251268,47.28691989,0
969,1,0.61500387,3.981757294,47.41866156,1
553,1,-0.701150466,2.971048452,47.58526232,1
108,1,-0.495006672,2.436331937,47.70639975,1
781,1,-2.03824358,4.177825462,47.73880853,1
525,1,0.505223124,1.695094636,50.68062892,1
728,1,0.624024028,1.291130743,51.10043535,1
616,1,-1.363468895,6.085901428,51.63418651,1
434,1,-0.33921833,1.353241794,52.27153832,1
775,1,-0.136402554,2.23079736,52.90581379,1
673,1,0.135740979,3.496541744,53.09223705,0
150,1,0.507802328,4.47260994,54.06556115,1
638,1,1.067636215,0.760762844,54.07675623,0
692,1,-0.676495621,1.774217151,55.8028677,1
493,1,-0.279164124,10.73939668,56.60938192,0
482,1,2.00245051,1.322221444,56.81856761,0
518,1,-1.677428232,5.180522961,57.7584669,1
442,1,0.999848118,8.968526081,58.60824501,1
399,1,1.241219427,10.06949834,58.91809652,1
852,1,-0.93393142,4.468164461,59.33054536,1
772,1,0.59029214,1.704855256,59.64106077,1
269,1,0.417125086,0.469306649,59.83387753,1
554,1,-0.205263022,3.006242417,59.93030803,1
306,1,-2.303173222,4.138948643,59.96662807,1
339,1,1.386904702,0.560435108,60.89692344,1
646,1,0.68908304,9.424669268,61.00348642,0
546,1,1.346780033,4.962472765,62.43825508,1
485,1,-0.348844693,0.545335516,62.59735162,0
733,1,0.267835763,0.786522091,63.30017131,1
323,1,-1.460859823,2.182212658,63.33524332,0
586,1,-0.226569375,4.989707047,63.62529629,0
279,1,-1.678824885,3.579655553,64.33497855,1
865,1,2.076908095,2.469398977,65.1993986,0
305,1,0.884555966,2.199209258,65.25129779,0
407,1,-1.932847606,2.503408594,65.38258591,1
855,1,-0.865732256,4.850489012,65.88173046,1
386,1,-0.724833156,3.589319472,66.29103715,1
380,1,0.199023126,2.843074056,68.96423269,1
801,1,0.216603486,5.62793469,68.97040113,1
708,1,0.150504167,3.792580331,69.14230661,0
372,1,-0.221357476,7.27825627,70.24663277,1
523,1,-0.48794152,9.378319173,70.81684486,0
488,1,-1.564706047,6.971621326,71.5124643,0
559,1,1.036942377,5.343619398,72.612802,0
440,1,0.849894141,3.844415778,73.80907425,0
389,1,1.199891429,4.426634428,76.62183903,1
494,1,0.067136821,0.79433161,77.97494379,0
368,1,-0.4808121,4.701301801,78.89199101,0
526,1,-0.847196361,2.764213792,79.66937162,1
37,1,1.163991717,0.743030931,79.67735871,1
449,1,0.665957448,6.433899743,80.47929946,1
445,1,0.768241765,4.824581506,80.95370807,0
700,1,-0.198122723,2.758393956,82.7493071,1
531,1,-2.691671218,12.51161166,83.11323076,0
587,1,0.844815895,4.359730829,84.67253412,0
633,1,-0.237406047,3.322245329,85.73073365,0
727,1,0.673305525,6.568659885,86.54531482,1
345,1,1.432028358,3.116724024,87.15125229,1
210,1,-0.191449111,7.364616117,88.27267068,1
726,1,0.488503181,4.42693335,90.29952357,0
732,1,0.266379454,10.50993301,90.39953022,0
447,1,0.857051828,9.571819415,90.96148011,0
432,1,0.762270694,0.447125132,91.78107705,0
788,1,-0.451276273,9.290860427,91.90616828,0
366,1,2.092451633,0.642459361,93.09041952,0
591,1,-0.536607269,8.794851189,94.11186359,0
654,1,-1.291020869,5.394854657,94.43480074,1
562,1,-0.787168239,3.047812601,94.99809222,0
575,1,-0.479344373,4.410145316,95.23341119,0
568,1,0.090084776,3.177185281,95.80559165,0
429,1,0.793567115,5.801976482,96.24618524,0
444,1,-0.983019597,1.647998811,96.38233492,1
741,1,-1.748209954,8.050458447,97.07524711,1
307,1,0.942165536,8.698786772,97.21378348,0
417,1,1.92801145,8.263257997,98.26124902,0
245,1,-0.683002302,3.928164692,99.22150704,1
468,1,0.968920009,3.196838823,99.87087119,1
636,1,0.656245425,2.049836375,100.9726546,1
375,1,1.995912279,1.239938928,102.7736218,1
589,1,0.722569243,4.925262494,103.2206899,1
540,1,-0.428423127,0.392829564,107.3573145,1
642,1,-0.604481235,4.860309922,107.9795964,0
571,1,-0.266196857,1.328628698,108.9476774,0
576,1,-1.057349764,4.460573898,109.6923267,1
537,1,-0.727831663,4.647667137,109.9336388,0
796,1,-0.55914804,5.744000431,110.2051124,0
677,1,0.703888761,4.458057237,110.9142514,1
595,1,0.200130161,0.705807273,110.9905552,1
704,1,0.666328131,1.99528585,112.6076162,0
723,1,1.883802135,5.351437232,112.7810833,1
490,1,-0.185254192,5.47077847,112.9542224,0
657,1,-0.335699855,3.782664089,114.1541892,1
517,1,2.688600529,2.296830248,114.1802008,0
303,1,-1.093949617,3.908090989,114.3184556,0
365,1,1.011502774,3.672882468,116.5992763,1
452,1,0.281431603,6.875836223,118.3568987,0
504,1,0.321975925,2.897249669,118.7234367,0
513,1,-2.57894444,2.19738232,119.3356023,0
777,1,-0.667160223,0.994027102,119.50758,0
379,1,1.07765835,1.914798974,120.7025441,1
627,1,0.909450043,2.890437919,123.8074266,0
524,1,-1.64348376,8.901824156,123.9210924,1
581,1,-0.552217315,3.403023587,127.8721505,0
416,1,0.58961647,2.933308506,128.0709243,0
681,1,0.056371801,6.603485317,131.0749702,1
665,1,0.311412766,2.708130818,131.4107912,0
529,1,-0.417365098,4.795447879,132.2910762,0
619,1,-0.924414784,1.515562709,133.8902803,0
603,1,-0.415438103,6.225156074,134.0906054,1
332,1,-0.213079579,3.604126996,139.2685305,1
464,1,0.673208785,3.463558796,139.2745229,0
659,1,1.233076581,2.28219694,139.5896186,0
461,1,0.110313314,5.553149476,142.6355998,0
511,1,-0.31509429,5.942577691,148.4200497,0
539,1,-1.374841238,0.852186485,149.9718721,0
631,1,-1.123198383,4.29714066,158.8703899,0
618,1,0.52046315,4.223961953,166.127759,0
543,1,1.169045443,6.776551756,166.613231,0
450,1,0.70190325,4.479022401,166.8877606,0
751,1,0.789480962,1.104752363,169.4776565,0
594,1,0.260478396,1.216452489,173.8934891,0
392,1,0.457717606,1.294312264,178.3812204,1
527,1,-1.245714285,0.452608123,180.2567506,0